NBA_Player,Cluster,DistToCentroid,ArchetypeName
Precious Achiuwa,1,2.2880585603850383,1
Precious Achiuwa,7,2.6574589344959256,7
Precious Achiuwa,1,1.95018687393634,1
Bam Adebayo,1,3.437385430114136,1
Ochai Agbaji,5,2.336357615076186,5
Ochai Agbaji,2,1.9630973503244715,2
Ochai Agbaji,5,2.2255634667515944,5
Santi Aldama,7,2.245005611434544,7
Nickeil Alexander-Walker,7,1.33945874888501,7
Grayson Allen,7,2.4200973828362646,7
Jarrett Allen,1,3.159571458098953,1
Timmy Allen,5,3.922679211556239,5
Jose Alvarado,7,1.7131710792335197,7
Kyle Anderson,7,2.6657721305697843,7
Giannis Antetokounmpo,6,5.6092296252233345,6
Thanasis Antetokounmpo,5,6.079758656868399,5
Cole Anthony,7,1.7159246941877482,7
OG Anunoby,7,2.2691782271627186,7
OG Anunoby,7,1.8225724439415585,7
OG Anunoby,7,3.370508802619861,7
Ryan Arcidiacono,4,6.283179442184575,4
Deni Avdija,6,2.480857936565508,6
Deandre Ayton,1,3.2897589149273907,1
Udoka Azubuike,3,3.5573133319226415,3
Ibou Badji,3,5.082420077532827,3
Marvin Bagley III,1,2.722747923508853,1
Marvin Bagley III,3,2.5453125959310787,3
Marvin Bagley III,1,2.481426266520609,1
Amari Bailey,5,2.342753979815959,5
Patrick Baldwin Jr.,5,2.241267026373408,5
LaMelo Ball,6,4.344702018318888,6
Mo Bamba,3,2.92531277628337,3
Paolo Banchero,6,1.9643641005207175,6
Desmond Bane,6,1.2668747965970717,6
Dalano Banton,7,2.1110979743372416,7
Dalano Banton,5,1.7968713004528154,5
Dalano Banton,6,2.2076143893146316,6
Dominick Barlow,3,2.074952846672205,3
Harrison Barnes,2,1.9331536951884958,2
Scottie Barnes,6,3.555246560436934,6
RJ Barrett,6,2.485570425731477,6
RJ Barrett,7,3.0816557171155754,7
RJ Barrett,6,2.4720216189225055,6
Charles Bassey,3,4.442290622015357,3
Emoni Bates,5,3.5033205432848904,5
Keita Bates-Diop,2,1.7598848207285114,2
Keita Bates-Diop,2,2.035228754522145,2
Keita Bates-Diop,2,2.772316644903737,2
Nicolas Batum,7,1.968734552136991,7
Nicolas Batum,7,4.806070301452607,7
Nicolas Batum,7,1.9567317594096505,7
Darius Bazley,3,2.6055567559956705,3
Darius Bazley,4,7.679970783847171,4
Darius Bazley,1,2.9021820854920795,1
Bradley Beal,6,1.207110185736619,6
Malik Beasley,2,1.9931101835271985,2
MarJon Beauchamp,2,1.2623803020306665,2
Jules Bernard,2,2.3876151615685774,2
Dāvis Bertāns,2,1.6517405434753274,2
Dāvis Bertāns,2,3.1465498747879965,2
Dāvis Bertāns,2,1.9858405244661461,2
Patrick Beverley,7,1.3382991365035084,7
Patrick Beverley,7,1.6320809236697755,7
Patrick Beverley,7,1.534730278563116,7
Saddiq Bey,7,2.678317682488608,7
Goga Bitadze,3,3.0589014944575297,3
Onuralp Bitim,5,1.9065050544869557,5
Bismack Biyombo,3,2.847022222879407,3
Bismack Biyombo,3,3.3579185320727314,3
Bismack Biyombo,3,2.703545734117336,3
Anthony Black,2,2.099891914259392,2
Leaky Black,2,2.1042291824060206,2
Buddy Boeheim,2,3.0548605233213992,2
Bogdan Bogdanović,7,2.413826570628251,7
Bojan Bogdanović,7,2.999035301097592,7
Bojan Bogdanović,6,3.186115023298087,6
Bojan Bogdanović,2,2.6999846141467634,2
Bol Bol,3,2.4000166818844324,3
Marques Bolden,3,2.8191916656982263,3
Marques Bolden,3,6.318438514964909,3
Marques Bolden,3,2.9157572062662616,3
Devin Booker,6,2.156160675942693,6
Brandon Boston Jr.,5,2.4069543523084533,5
Chris Boucher,3,1.929016327984285,3
James Bouknight,2,3.3708126841079333,2
Jamaree Bouyea,5,3.390171296384367,5
Jamaree Bouyea,4,3.100686765674205,4
Jamaree Bouyea,2,6.429644272002312,2
Malaki Branham,2,2.5438009982026513,2
Christian Braun,7,1.5246458567897576,7
Mikal Bridges,6,1.9085545557766577,6
Miles Bridges,6,2.479049953977951,6
Oshae Brissett,2,2.1068492036742783,2
Izaiah Brockington,4,10.926495695529539,4
Malcolm Brogdon,6,2.020762800722657,6
Armoni Brooks,5,2.936627470074354,5
Dillon Brooks,7,1.9514992768702741,7
Bruce Brown,7,1.4159797041175148,7
Bruce Brown,7,1.5927329819716542,7
Bruce Brown,7,1.678696428416222,7
Charlie Brown Jr.,4,4.001387163902303,4
Greg Brown III,3,4.4503140185211825,3
Jaylen Brown,6,2.006411292399776,6
Kendall Brown,5,3.838472068735318,5
Kobe Brown,5,2.2729498923147347,5
Moses Brown,3,4.023615398160338,3
Troy Brown Jr.,2,1.5748565594563868,2
Troy Brown Jr.,2,1.333246156699109,2
Troy Brown Jr.,5,2.240335018233,5
Jalen Brunson,6,2.955061994969335,6
Thomas Bryant,3,1.8565752843226906,3
Kobe Bufkin,5,2.0808760385444773,5
Reggie Bullock,2,2.004971924099628,2
Alec Burks,2,2.3486415911816185,2
Alec Burks,2,2.487281187343799,2
Alec Burks,5,2.5996804034406082,5
Jared Butler,7,2.854815210371296,7
Jimmy Butler,6,1.9594896136121693,6
Jamal Cain,2,1.2078673940638034,2
Kentavious Caldwell-Pope,7,2.1565367688006685,7
Toumani Camara,7,1.6705867716341816,7
Clint Capela,1,3.295314451764926,1
Jevon Carter,5,2.0539006627865173,5
Wendell Carter Jr.,1,2.6393411996406284,1
D.J. Carton,5,2.008575631332388,5
Alex Caruso,7,3.4909902027988027,7
Colin Castleton,2,2.615326771141319,2
Malcolm Cazalon,2,4.361090889459083,2
Justin Champagnie,7,1.7874134438318054,7
Julian Champagnie,7,1.463622364867095,7
Max Christie,2,1.1127290970542705,2
Sidy Cissoko,2,2.9210263756499297,2
Brandon Clarke,3,4.529669111877604,3
Jordan Clarkson,6,3.214127982193907,6
Nic Claxton,1,2.901723149762555,1
Noah Clowney,3,1.5410394633294067,3
Amir Coffey,2,1.2288436548129822,2
John Collins,1,2.3191330414645015,1
Zach Collins,7,2.676589422359709,7
Mike Conley,6,3.154814966084496,6
Pat Connaughton,2,1.453914946601102,2
Bilal Coulibaly,7,2.030390507100791,7
Ricky Council IV,2,2.169519708955215,2
Robert Covington,7,3.4946101745176867,7
Robert Covington,7,5.862711640720342,7
Robert Covington,7,3.528109440763396,7
Torrey Craig,2,1.77166068262963,2
Jae Crowder,2,1.7659731868211281,2
Jalen Crutcher,4,6.09519573029762,4
Cade Cunningham,6,2.8374272351815617,6
Seth Curry,2,1.5192557208004573,2
Seth Curry,2,1.7473752772600304,2
Seth Curry,7,1.7877749043988869,7
Stephen Curry,6,2.45064947406985,6
Dyson Daniels,7,2.569740651262438,7
Anthony Davis,1,4.798756654011355,1
JD Davison,2,3.8160682951445457,2
Johnny Davis,5,1.9055122481512894,5
Dexter Dennis,3,4.61006368802718,3
DeMar DeRozan,6,1.6686102389350765,6
Moussa Diabaté,3,4.009570877599989,3
Mamadi Diakite,3,3.5451838139574923,3
Mamadi Diakite,3,6.2147723655793605,3
Mamadi Diakite,4,8.18334831734402,4
Hamidou Diallo,8,6.916290345280825,8
Gradey Dick,2,1.9929557876629715,2
Ousmane Dieng,2,1.4119074624287191,2
Spencer Dinwiddie,7,2.250655953870494,7
Spencer Dinwiddie,6,2.875612644243907,6
Spencer Dinwiddie,7,2.293583597260145,7
Donte DiVincenzo,7,2.404585449052473,7
Luka Dončić,6,5.894695314495362,6
Luguentz Dort,7,1.5270401153177358,7
Ayo Dosunmu,7,1.5288078769277997,7
Jeff Dowtin,7,3.572702631309477,7
Henri Drell,5,2.91705718771164,5
Andre Drummond,1,4.435975486006642,1
Chris Duarte,2,1.4607076758653712,2
David Duke Jr.,2,3.023956713606721,2
Kris Dunn,7,2.5074530754352335,7
Kevin Durant,6,3.113496326885787,6
Jalen Duren,1,3.920480334546646,1
Tari Eason,1,3.1648486105903,1
Anthony Edwards,6,2.0854412162014557,6
Kessler Edwards,2,2.0809434852475106,2
Keon Ellis,7,2.135817181869646,7
Joel Embiid,6,7.010410352422661,6
Drew Eubanks,3,5.8932893729763345,3
Tosan Evbuomwan,2,1.678718142310874,2
Tosan Evbuomwan,5,2.9437013032083867,5
Tosan Evbuomwan,2,2.3629506727271186,2
Dante Exum,2,2.5097611426740687,2
Bruno Fernando,3,2.322213218828401,3
Dorian Finney-Smith,7,1.5198932177471238,7
Adam Flagler,5,5.707733712387043,5
Malachi Flynn,7,2.0064910928952155,7
Malachi Flynn,7,1.9350941792003045,7
Malachi Flynn,2,2.128216438972305,2
Malachi Flynn,7,2.504280068226409,7
Simone Fontecchio,7,1.4935886332297472,7
Simone Fontecchio,7,1.5295625029892534,7
Simone Fontecchio,7,2.027776831899902,7
Jordan Ford,2,4.3453525242459525,2
Trent Forrest,5,2.3861068459254993,5
Evan Fournier,5,2.3362050874218334,5
Evan Fournier,5,5.773301417305284,5
Evan Fournier,7,2.3425677056100596,7
De'Aaron Fox,6,3.17931022077375,6
Javon Freeman-Liberty,7,2.493937843500164,7
Alex Fudge,5,3.435710077200347,5
Alex Fudge,4,3.3619545803804547,4
Alex Fudge,7,4.753461273711717,7
Markelle Fultz,7,1.862822765206966,7
Andrew Funk,4,6.758886321528793,4
Wenyen Gabriel,5,6.02889530843961,5
Daniel Gafford,1,3.3151920917192093,1
Daniel Gafford,1,3.1246521373727383,1
Daniel Gafford,1,4.141679811564551,1
Danilo Gallinari,2,1.002502642164282,2
Danilo Gallinari,2,1.5406225629364956,2
Danilo Gallinari,2,4.809876781076703,2
Danilo Gallinari,5,2.112674653367531,5
Darius Garland,6,2.538569278552023,6
Usman Garuba,4,8.397953594285582,4
Luka Garza,2,3.71030968717625,2
Kaiser Gates,4,6.302276651497588,4
Keyonte George,6,3.5648355382957346,6
Paul George,6,2.3575683442411584,6
Taj Gibson,5,3.118309121402722,5
Taj Gibson,5,3.888408112329985,5
Taj Gibson,2,2.887976056523395,2
Josh Giddey,6,2.234137900595191,6
Harry Giles,5,3.348650456852469,5
Harry Giles,3,3.2958924961992455,3
Harry Giles,4,4.811382993894734,4
Shai Gilgeous-Alexander,6,4.612463548694393,6
Anthony Gill,2,1.7000761649674165,2
Collin Gillespie,2,2.4701599506467935,2
Jacob Gilyard,7,3.25262410787521,7
Jacob Gilyard,7,3.302055253552759,7
Jacob Gilyard,5,9.161130881557478,5
Rudy Gobert,1,4.259389819804127,1
Jordan Goodwin,7,2.1743198811028615,7
Jordan Goodwin,7,1.9744355298631069,7
Jordan Goodwin,7,4.135485862489665,7
Aaron Gordon,7,2.6447263133290164,7
Eric Gordon,7,1.6220406231445539,7
Devonte' Graham,5,2.1388148610671895,5
Jerami Grant,6,2.539796517796892,6
RaiQuan Gray,7,4.128902296010529,7
A.J. Green,2,1.6080505315119007,2
Danny Green,5,7.14164074048552,5
Draymond Green,6,4.068699178509971,6
Javonte Green,1,2.3710613865310157,1
Jalen Green,6,2.0494098245438224,6
Jeff Green,2,1.3101749664658948,2
Josh Green,7,1.6157748171020283,7
AJ Griffin,5,3.3906155601219243,5
Quentin Grimes,2,1.7656941933442512,2
Quentin Grimes,2,1.6737147981843643,2
Quentin Grimes,5,3.7685603815136353,5
Mouhamadou Gueye,4,8.085858418196091,4
Mouhamed Gueye,7,3.8534492547994588,7
Rui Hachimura,7,2.4410723779287067,7
Ashton Hagans,7,3.383041188100529,7
Tyrese Haliburton,6,4.278813722707393,6
R.J. Hampton,5,3.0192453988627435,5
Tim Hardaway Jr.,2,2.6224948239951953,2
James Harden,6,2.6293145040570347,6
Jaden Hardy,2,2.374423978499732,2
Ron Harper Jr.,2,5.217391847334271,2
Gary Harris,7,1.9970140176037199,7
Joe Harris,5,2.3588480858003136,5
Kevon Harris,3,6.796909350872383,3
Shaquille Harrison,3,7.669781958271892,3
Tobias Harris,7,2.539129020556062,7
Isaiah Hartenstein,1,2.477653336184186,1
Josh Hart,7,2.936638202983355,7
Sam Hauser,2,2.0412175030231,2
Jordan Hawkins,2,1.601349756228284,2
Jaxson Hayes,3,3.0311481124090824,3
Killian Hayes,7,2.8279646139513646,7
Gordon Hayward,7,1.23210591128959,7
Gordon Hayward,6,1.903881330556818,6
Gordon Hayward,2,1.6376304347009043,2
Scoot Henderson,6,3.8890189582631747,6
Taylor Hendricks,7,2.2195842697278247,7
Tyler Herro,6,1.7888367650244907,6
Buddy Hield,7,1.3947004087919523,7
Buddy Hield,7,1.4126147855204925,7
Buddy Hield,7,1.6809963192299047,7
Haywood Highsmith,7,1.9913518695455055,7
Nate Hinton,2,3.0645920071141504,2
D'Moi Hodge,5,2.754419692345207,5
Aaron Holiday,2,1.6415152200513143,2
Jrue Holiday,6,2.5410428910610583,6
Justin Holiday,2,1.7681368837517346,2
Richaun Holmes,3,1.578329881150569,3
Richaun Holmes,3,1.616922871189009,3
Richaun Holmes,3,2.4664840672857298,3
Chet Holmgren,1,3.329415670364075,1
Jalen Hood-Schifino,4,2.4685451238170697,4
Al Horford,1,2.677660249563649,1
Talen Horton-Tucker,7,2.3101767123389148,7
Danuel House Jr.,2,1.3216543376265169,2
Caleb Houstan,2,1.1855772738385517,2
Jett Howard,5,2.6116617118246754,5
Kevin Huerter,7,1.0058509168509673,7
Jay Huff,3,3.8159985629316586,3
De'Andre Hunter,7,2.205759567688303,7
Matthew Hurt,2,2.8623970687198463,2
Bones Hyland,7,2.7773256545957445,7
Joe Ingles,7,2.7720279053664165,7
Brandon Ingram,6,0.9804496468808674,6
Kyrie Irving,6,2.06770456642736,6
Jonathan Isaac,1,3.030246836354083,1
Jaden Ivey,6,2.6604416859905315,6
Andre Jackson Jr.,2,2.302926326888563,2
GG Jackson II,7,2.3475504135970677,7
Isaiah Jackson,3,3.254712099125271,3
Jaren Jackson Jr.,1,4.232006669344588,1
Justin Jackson,2,4.048634784190416,2
Quenton Jackson,5,8.202649158902483,5
Reggie Jackson,7,2.5629653100370553,7
Trayce Jackson-Davis,3,3.523788916479535,3
LeBron James,6,3.5955215543823655,6
Jaime Jaquez Jr.,7,1.298992335860743,7
DeJon Jarreau,5,3.5715094147558,5
DaQuan Jeffries,5,4.961974161214974,5
Trey Jemison,1,3.1708435098364163,1
Trey Jemison,4,18.536597319077863,4
Trey Jemison,1,3.0390695851035248,1
Ty Jerome,5,3.8973152709743175,5
Isaiah Joe,2,1.690919107333742,2
Cameron Johnson,7,1.49707043163097,7
James Johnson,5,5.396369771257949,5
Jalen Johnson,1,2.8192017462691497,1
Keldon Johnson,7,2.135129486573663,7
Keon Johnson,2,2.499126802683942,2
Keyontae Johnson,5,2.658982543358298,5
Nikola Jokić,6,6.5577200847730746,6
Colby Jones,5,1.921482137294016,5
Damian Jones,3,1.9739836394854327,3
Derrick Jones Jr.,7,1.8091102321001444,7
Herbert Jones,7,2.498769928912052,7
Mason Jones,5,2.323020099691007,5
Tre Jones,6,2.9563303548192708,6
Tyus Jones,6,3.3186844114001115,6
DeAndre Jordan,3,1.9989333919151164,3
Cory Joseph,5,1.9670825783969836,5
Nikola Jović,7,1.5053279732689515,7
Johnny Juzang,2,1.713143904142554,2
Luke Kennard,7,2.631471120779221,7
Walker Kessler,1,4.286167671738235,1
Braxton Key,2,3.009996348946663,2
Corey Kispert,7,2.3978638777888657,7
Maxi Kleber,7,2.4538943537178763,7
Kevin Knox,2,1.5285102318807173,2
John Konchar,7,2.820604924322148,7
Furkan Korkmaz,2,1.7619461859070698,2
Luke Kornet,1,6.449963064731245,1
Vit Krejci,2,2.266156239878109,2
Jonathan Kuminga,7,2.217176764986341,7
Kyle Kuzma,6,2.6636893453053667,6
Jock Landale,3,1.6841503072903887,3
Jake LaRavia,7,1.4863162945654866,7
Zach LaVine,6,1.7619508663275125,6
A.J. Lawson,2,1.9687917022908166,2
Saben Lee,5,2.3755719655476533,5
Alex Len,3,3.2249891233332573,3
Kawhi Leonard,6,3.192831594438654,6
Caris LeVert,6,1.9252259450813365,6
Kira Lewis Jr.,5,1.8345687461804083,5
Kira Lewis Jr.,5,2.26234346960306,5
Kira Lewis Jr.,5,6.738739627849099,5
Kira Lewis Jr.,5,2.4904090091109117,5
Maxwell Lewis,4,3.45615895307771,4
E.J. Liddell,5,6.858491935337041,5
Damian Lillard,6,1.9776693468912176,6
Nassir Little,2,1.1408275190647106,2
Dereck Lively II,1,3.769223594410499,1
Isaiah Livers,5,1.5288481457403638,5
Chris Livingston,5,2.895634873765789,5
Kenneth Lofton Jr.,7,2.665530291102331,7
Kenneth Lofton Jr.,5,2.208341061092385,5
Kenneth Lofton Jr.,4,6.4584986398633175,4
Kenneth Lofton Jr.,6,3.30816380558084,6
Kevon Looney,3,2.719996420814685,3
Brook Lopez,1,3.9110124463456026,1
Robin Lopez,5,3.147185068793512,5
Kevin Love,7,3.5625677491420245,7
Kyle Lowry,7,2.029174834445743,7
Kyle Lowry,7,1.9348366690706558,7
Kyle Lowry,7,2.4111941405781625,7
Seth Lundy,5,3.9661101497069446,5
Trey Lyles,2,1.8288655188231409,2
Théo Maledon,5,3.100008082637751,5
Théo Maledon,5,2.984362465515957,5
Théo Maledon,4,4.681449563953151,4
Sandro Mamukelashvili,3,2.1870056509440516,3
Terance Mann,2,1.6061490380975632,2
Tre Mann,7,2.3900174995666066,7
Tre Mann,2,2.8899244698094706,2
Tre Mann,6,3.2022309563993394,6
Boban Marjanović,3,3.596153125044313,3
Lauri Markkanen,6,3.783518479177188,6
Naji Marshall,7,1.0161656753617154,7
Caleb Martin,7,1.0208793610565536,7
Cody Martin,7,2.7536959178301346,7
KJ Martin,2,2.299871354684897,2
KJ Martin,5,3.259562127230767,5
KJ Martin,2,2.2633193932693576,2
Garrison Mathews,2,1.7090761729059432,2
Bennedict Mathurin,7,2.4737758904969525,7
Wesley Matthews,2,1.9536703012597731,2
Tyrese Maxey,6,2.0938933480705995,6
Skylar Mays,5,2.9096096467936206,5
Skylar Mays,7,3.0937023543714384,7
Skylar Mays,2,3.467763851757298,2
Miles McBride,2,1.9165355873465986,2
CJ McCollum,6,1.5705440632118317,6
T.J. McConnell,6,3.2114244339840194,6
Jalen McDaniels,5,1.354046687873839,5
Jaden McDaniels,7,1.6056910389950882,7
Doug McDermott,2,2.076706328728815,2
Doug McDermott,2,2.1561355382251164,2
Doug McDermott,2,2.7664543948896734,2
JaVale McGee,3,2.24110198797212,3
Bryce McGowens,2,1.1261541851918109,2
Jordan McLaughlin,7,3.475124134232818,7
De'Anthony Melton,7,2.4915721166683023,7
Nathan Mensah,5,4.27863317493104,5
Sam Merrill,2,1.992514501105967,2
Chimezie Metu,7,2.027287296671577,7
Chimezie Metu,2,2.257790815133506,2
Chimezie Metu,7,3.386684932484928,7
Vasilije Micić,7,3.765042541996314,7
Vasilije Micić,5,2.907702213601867,5
Vasilije Micić,6,3.6637832120494522,6
Khris Middleton,6,1.1395306518338506,6
Brandon Miller,7,2.483988963105305,7
Jordan Miller,2,3.5599956106437483,2
Leonard Miller,3,5.257045858199005,3
Patty Mills,5,2.7235604448263513,5
Patty Mills,2,2.054515642674935,2
Patty Mills,5,3.0522297884846115,5
Shake Milton,5,1.8645600074739817,5
Shake Milton,5,1.8161585050263716,5
Shake Milton,7,2.273638703723072,7
Shake Milton,2,3.5598204013420256,2
Justin Minaya,5,1.819874475427501,5
Josh Minott,2,4.029512533429317,2
Davion Mitchell,2,1.6597239392777008,2
Donovan Mitchell,6,3.054312251289713,6
Evan Mobley,1,1.8062895591453199,1
Isaiah Mobley,5,4.765464009926838,5
Malik Monk,6,1.8715360033602482,6
Moses Moody,7,1.5308043115542567,7
Xavier Moon,5,2.336544607963964,5
Taze Moore,5,2.7772188983183166,5
Wendell Moore Jr.,5,3.8646158270137976,5
Ja Morant,6,3.056260952159376,6
Markieff Morris,5,1.8540182827040534,5
Marcus Morris,2,1.129984163483615,2
Marcus Morris,2,1.2054468074014335,2
Marcus Morris,2,2.148797103198138,2
Monte Morris,7,2.4616948054079533,7
Monte Morris,5,2.4187822792156117,5
Monte Morris,7,2.645929591321397,7
Trey Murphy III,7,2.303290668034427,7
Dejounte Murray,6,1.524840485338775,6
Jamal Murray,6,1.6673621115836774,6
Keegan Murray,7,2.2647523713309847,7
Kris Murray,7,2.116842375615266,7
Mike Muscala,5,1.6939156403119024,5
Mike Muscala,5,1.8983982747140302,5
Mike Muscala,2,2.8152941301419787,2
Mike Muscala,5,4.915416743784891,5
Svi Mykhailiuk,2,1.2360025469033715,2
Larry Nance Jr.,7,2.855573460594287,7
Pete Nance,5,8.59193353723045,5
Andrew Nembhard,7,2.2565830754114726,7
Aaron Nesmith,7,1.9021397731349043,7
Georges Niang,2,1.4712200255971208,2
Daishen Nix,5,4.433834153635467,5
Zeke Nnaji,3,2.36345820125443,3
Jaylen Nowell,5,1.956944750830106,5
Jaylen Nowell,5,2.776293950270073,5
Jaylen Nowell,2,2.1920286258001385,2
Markquis Nowell,8,6.916290345280825,8
Frank Ntilikina,4,4.40874839807898,4
Jusuf Nurkić,1,3.520109237475781,1
Jordan Nwora,7,1.9002106091155766,7
Jordan Nwora,2,1.9542844770371275,2
Jordan Nwora,7,1.7228860882966968,7
Chuma Okeke,5,1.8574587008969685,5
Josh Okogie,7,1.7349024052134248,7
Onyeka Okongwu,1,2.013344410958368,1
Isaac Okoro,7,1.5353167105019945,7
Kelly Olynyk,6,2.984507816185737,6
Kelly Olynyk,6,3.6673584311880005,6
Kelly Olynyk,6,2.595843778506582,6
Eugene Omoruyi,7,2.5725993205360154,7
Royce O'Neale,7,1.4398236413887333,7
Royce O'Neale,7,1.4684799699765605,7
Royce O'Neale,7,1.6411483625965253,7
Cedi Osman,2,1.3652493017817509,2
Kelly Oubre Jr.,7,2.2685417298645203,7
Chris Paul,6,3.2998770841166056,6
Cameron Payne,7,2.1391383838091547,7
Cameron Payne,2,1.9457828604531584,2
Cameron Payne,7,2.214537521622247,7
Gary Payton II,7,2.589979050399599,7
Mãozinha Pereira,3,2.6306960272544844,3
Drew Peterson,2,6.510830599796824,2
Filip Petrušev,2,3.9229310943744795,2
Filip Petrušev,2,3.9555811882398935,2
Filip Petrušev,2,4.423807871271962,2
Julian Phillips,2,1.974689223746476,2
Jalen Pickett,2,2.528104118360661,2
Scotty Pippen Jr.,6,3.243041459623378,6
Mason Plumlee,3,2.408226748153642,3
Brandin Podziemski,7,2.0318751476757706,7
Jakob Poeltl,1,1.8232009546423584,1
Aleksej Pokusevski,7,1.8267367324495076,7
Aleksej Pokusevski,5,2.4811530813571454,5
Aleksej Pokusevski,7,1.5142200570658793,7
Jordan Poole,6,2.788015055889372,6
Craig Porter Jr.,7,2.258470773317884,7
Jontay Porter,7,2.8739617004224445,7
Michael Porter Jr.,7,3.092703704995325,7
Otto Porter Jr.,2,2.2336976324025795,2
Bobby Portis,7,2.949112453560846,7
Kristaps Porziņģis,1,3.121628349659329,1
Micah Potter,2,1.9546665730477797,2
Dwight Powell,3,2.5473635634713907,3
Norman Powell,2,2.3311833959171575,2
Jason Preston,5,3.4542433165683093,5
Joshua Primo,4,8.088122240023141,4
Taurean Prince,7,1.6067926239470978,7
Payton Pritchard,7,2.301265167538999,7
Olivier-Maxence Prosper,2,2.079311304616755,2
Trevelin Queen,5,2.017879703435327,5
Neemias Queta,3,2.4780861159720713,3
Immanuel Quickley,6,2.0404098782224143,6
Immanuel Quickley,7,2.76826248929431,7
Immanuel Quickley,6,1.7074234972167284,6
Lester Quiñones,2,1.4583357916056936,2
Jahmi'us Ramsey,7,2.385017835289638,7
Julius Randle,6,3.2868201501267515,6
Duop Reath,7,1.9092702497444607,7
Austin Reaves,6,1.5173001708887583,6
Cam Reddish,7,2.3704139227221175,7
Paul Reed,1,1.8321088763629527,1
Naz Reid,1,2.483222626015585,1
Jared Rhoden,3,2.686340332478865,3
Josh Richardson,7,1.696878663547414,7
Nick Richards,1,3.505907622093904,1
Duncan Robinson,7,1.919053955985835,7
Jerome Robinson,5,2.799874819092866,5
Jeremiah Robinson-Earl,2,1.3071024462325302,2
Mitchell Robinson,1,3.360892735508222,1
Orlando Robinson,2,2.754819064023007,2
David Roddy,5,1.760697829142099,5
David Roddy,5,2.236512574348178,5
David Roddy,5,2.8644594490927293,5
Ryan Rollins,7,5.950897627682529,7
Ryan Rollins,7,5.375639981760415,7
Ryan Rollins,7,9.869420040575356,7
Derrick Rose,7,3.378742538841519,7
Terry Rozier,6,1.399112381229862,6
Terry Rozier,6,1.6702699442488047,6
Terry Rozier,6,2.1285260635088115,6
Rayan Rupert,5,1.7116090761300768,5
D'Angelo Russell,6,1.4919936507121796,6
Matt Ryan,2,1.8821727759293516,2
Domantas Sabonis,6,5.60217587476769,6
Luka Šamanić,5,2.51828368485008,5
Jermaine Samuels,3,4.382596506991321,3
Adama Sanogo,3,5.596145324658222,3
Gui Santos,2,2.0704954121729724,2
Dario Šarić,7,2.006636240970301,7
Olivier Sarr,3,2.6876547603486527,3
Marcus Sasser,7,2.3844308930136315,7
Admiral Schofield,5,5.011612364641211,5
Dennis Schröder,6,2.3851695400513426,6
Dennis Schröder,6,2.5674049801623835,6
Dennis Schröder,6,2.4095455168920745,6
Dereon Seabron,2,3.3182866677052085,2
Alperen Şengün,6,2.9658934410336846,6
Brice Sensabaugh,7,2.902862330132365,7
Collin Sexton,6,1.9662597705855012,6
Landry Shamet,2,1.5308940076178918,2
Day'Ron Sharpe,3,2.4101103691062296,3
Shaedon Sharpe,7,2.6845493254109356,7
Ben Sheppard,2,1.8311842131308298,2
Pascal Siakam,6,2.096849137552858,6
Pascal Siakam,6,1.5092066129081358,6
Pascal Siakam,6,2.8993340057831607,6
Ben Simmons,1,5.231910159736441,1
Kobi Simmons,7,3.812367282604259,7
Anfernee Simons,6,2.627905667864734,6
Zavier Simpson,5,3.24613708451617,5
Jericho Sims,3,2.7281162089754143,3
Dmytro Skapintsev,4,6.330947419295005,4
Jalen Slawson,3,4.2716628183307925,3
Javonte Smart,2,4.172969670852721,2
Marcus Smart,6,4.346353006194507,6
Dennis Smith Jr.,7,2.7100075330820186,7
Dru Smith,7,2.9688971737909036,7
Ish Smith,5,3.6757886633051466,5
Jalen Smith,3,2.836726800561897,3
Jabari Smith Jr.,1,2.6404238339609747,1
Nick Smith Jr.,2,2.4773020954970155,2
Terquavion Smith,7,4.385038327494135,7
Jeremy Sochan,7,2.3972960857508943,7
Pat Spencer,5,4.076938161268383,5
Jaden Springer,5,2.8595346832129533,5
Jaden Springer,5,2.72562915065585,5
Jaden Springer,5,3.8519737203702666,5
Lamar Stevens,7,2.3264333938530646,7
Lamar Stevens,3,2.634107306537259,3
Lamar Stevens,7,2.649607387307339,7
Isaiah Stewart,7,2.7761177115880074,7
Julian Strawther,5,1.5351005394997768,5
Max Strus,7,1.6401199816932341,7
Jalen Suggs,7,2.398923322797783,7
Cole Swider,2,3.1740557441158255,2
Jae'Sean Tate,2,2.12432351114468,2
Jayson Tatum,6,2.493669463826624,6
Terry Taylor,2,2.017408339148233,2
Garrett Temple,5,1.655415961303761,5
Dalen Terry,5,2.445977307298788,5
Daniel Theis,3,1.8454162139107182,3
Daniel Theis,4,4.4153636124912,4
Daniel Theis,3,1.849409164705901,3
Cam Thomas,6,3.0011837184477588,6
Isaiah Thomas,5,4.830025511349403,5
Amen Thompson,1,3.3265086238761223,1
Ausar Thompson,1,3.0364750648341707,1
Klay Thompson,7,2.6857949048198564,7
Tristan Thompson,3,3.320396806896623,3
JT Thor,2,2.593269075749637,2
Matisse Thybulle,7,3.8646667710293774,7
Xavier Tillman Sr.,7,3.4606945132317617,7
Xavier Tillman Sr.,7,4.153283213104858,7
Xavier Tillman Sr.,3,2.155672742856617,3
Jacob Toppin,2,3.0211312551750362,2
Obi Toppin,7,2.4874967954433194,7
Juan Toscano-Anderson,5,2.8754809511665194,5
Karl-Anthony Towns,6,3.107777376051784,6
Gary Trent Jr.,7,2.42849775379418,7
Oscar Tshiebwe,2,4.204947533495563,2
P.J. Tucker,2,2.8204020736077786,2
P.J. Tucker,7,4.472080813924965,7
P.J. Tucker,2,2.75804554724954,2
Myles Turner,1,2.5352786878998748,1
Hunter Tyson,5,2.544151266959281,5
Stanley Umude,2,1.5719471890314862,2
Jonas Valančiūnas,1,2.1402170397753353,1
Jarred Vanderbilt,7,2.7667068515752704,7
Fred VanVleet,6,2.780348620954574,6
Devin Vassell,6,1.9346435444479795,6
Sasha Vezenkov,2,1.310176234529412,2
Gabe Vincent,5,2.8442319894314787,5
Nikola Vučević,1,3.283305201071138,1
Tristan Vukcevic,7,2.3729576956842644,7
Dean Wade,7,2.4097581184163768,7
Franz Wagner,6,1.6857445820056407,6
Moritz Wagner,3,2.998664812081452,3
Ish Wainright,2,3.4042634804281136,2
Ish Wainright,2,2.690587926536254,2
Ish Wainright,5,5.211035507353117,5
Jabari Walker,7,2.8437395218981276,7
Jarace Walker,2,1.9779458242025776,2
Lonnie Walker IV,7,1.8895873687577236,7
Cason Wallace,7,1.9097222363170516,7
Jordan Walsh,5,2.998127895709283,5
T.J. Warren,5,1.861496569319563,5
P.J. Washington,7,2.050080855524896,7
P.J. Washington,7,2.012739722218678,7
P.J. Washington,7,2.6527386457102757,7
TyTy Washington Jr.,5,2.246998590187608,5
Yuta Watanabe,5,1.598671704658051,5
Yuta Watanabe,5,1.86890421270392,5
Yuta Watanabe,5,4.910177921729468,5
Lindy Waters III,2,2.5720131277374376,2
Trendon Watford,7,1.985284094536837,7
Peyton Watson,3,2.756183618307256,3
Victor Wembanyama,1,8.367503125293515,1
Blake Wesley,5,2.915488644782484,5
Russell Westbrook,6,2.521886172652788,6
Coby White,6,1.7879228079386627,6
Dariq Whitehead,5,4.741915687805211,5
Derrick White,6,3.0728145279659955,6
Jack White,5,4.670278145767926,5
Cam Whitmore,7,2.5230686721733,7
Aaron Wiggins,7,2.471885840344141,7
Andrew Wiggins,7,1.8646095549973865,7
Lindell Wigginton,4,5.879520998161719,4
Alondes Williams,4,3.473228821018408,4
Brandon Williams,5,2.654266552843226,5
Grant Williams,7,1.4728155252589068,7
Grant Williams,7,1.8654336877548423,7
Grant Williams,7,2.148593471180274,7
Jalen Williams,6,1.7677089313877823,6
Jaylin Williams,7,2.318038133972473,7
Jeenathan Williams,2,2.2505272457861927,2
Kenrich Williams,2,2.3536119163884623,2
Mark Williams,1,2.0880262382068673,1
Malik Williams,5,6.211777553051516,5
Patrick Williams,7,1.6547072946913408,7
Robert Williams,1,2.919304061588314,1
Vince Williams Jr.,7,2.0988580899540947,7
Zion Williamson,6,2.0397129225522264,6
Ziaire Williams,7,1.9424947588397286,7
D.J. Wilson,1,10.928351067418653,1
Jalen Wilson,2,1.2830384384993916,2
Dylan Windler,2,2.757032096750748,2
Dylan Windler,2,4.973830653272722,2
Dylan Windler,2,4.03251126717086,2
Dylan Windler,2,2.723741368895172,2
James Wiseman,3,2.568905453343983,3
Isaiah Wong,4,5.007331631897206,4
Christian Wood,3,2.0570459026054446,3
Delon Wright,7,2.970780344868227,7
Delon Wright,7,2.9926248680756693,7
Delon Wright,7,3.3578297674925244,7
Thaddeus Young,3,3.267601158004575,3
Thaddeus Young,3,3.59932609896033,3
Thaddeus Young,3,3.64225355387896,3
Trae Young,6,5.305387893827979,6
Omer Yurtseven,3,2.031691577783188,3
Cody Zeller,5,3.2082082556785356,5
Ivica Zubac,1,2.018885441585455,1
